{"cameraMode":{"drawMode":0,"name":"Shaded","section":"Shading Mode"},"sceneLighting":true,"audioPlay":false,"sceneViewState":{"showFog":true,"showMaterialUpdate":false,"showSkybox":true,"showFlares":true,"showImageEffects":true,"showParticleSystems":true},"in2DMode":false,"pivot":{"x":10.90804386138916,"y":1.3707423210144044,"z":-44.42842102050781},"rotation":{"x":-0.0055152843706309799,"y":-0.9903214573860169,"z":0.1333075910806656,"w":-0.04014533385634422},"size":13.373862266540528,"orthographic":false}